episode_title_pretty,episode_title,podcast_name,link_homepage,link_mp3,description,published,ad,keywords
Borderless: Builder vs. breaker mindset with Dr. Pedram Hayati,BorderlessBuildervsbreakermindsetwithDrPedramHayati,Ogrodje,https://podcasters.spotify.com/pod/show/ogrodje/episodes/Borderless-Builder-vs--breaker-mindset-with-Dr--Pedram-Hayati-e23l93n,https://anchor.fm/s/964a7d24/podcast/play/69952055/https%3A%2F%2Fd3ctxlq1ktw2nl.cloudfront.net%2Fstaging%2F2023-4-7%2F328198669-44100-2-291bb58f10198.mp3,"Ogrodje je sproščen, tehnično razvijalski podcast. Modrosti, zablode in izkušnje serijsko.",2023-05-08 04:00:36+00:00,0,"liga,bog,nogomet"
Investiranje in Silicon Gardens z Lukom Renkom,InvestiranjeinSiliconGardenszLukomRenkom,Ogrodje,https://podcasters.spotify.com/pod/show/ogrodje/episodes/Investiranje-in-Silicon-Gardens-z-Lukom-Renkom-e22ffg6,https://anchor.fm/s/964a7d24/podcast/play/68713414/https%3A%2F%2Fd3ctxlq1ktw2nl.cloudfront.net%2Fstaging%2F2023-3-16%2F324247461-44100-2-295aadd77ce05.mp3,"Ogrodje je sproščen, tehnično razvijalski podcast. Modrosti, zablode in izkušnje serijsko.",2023-04-17 04:10:03+00:00,0,"tekma,podjetje,podjetje"
Zagon: Biti programer,ZagonBitiprogramer,Ogrodje,https://podcasters.spotify.com/pod/show/ogrodje/episodes/Zagon-Biti-programer-e2120ng,https://anchor.fm/s/964a7d24/podcast/play/67223728/https%3A%2F%2Fd3ctxlq1ktw2nl.cloudfront.net%2Fstaging%2F2023-2-24%2F320039441-44100-2-4fea0ab1f9ffd.mp3,"Ogrodje je sproščen, tehnično razvijalski podcast. Modrosti, zablode in izkušnje serijsko.",2023-03-27 04:10:33+00:00,0,"računalništvo,umetna inteligenca,tekma"
Microsoft in Azure z Bojanom Vrhovnikom,MicrosoftinAzurezBojanomVrhovnikom,Ogrodje,https://podcasters.spotify.com/pod/show/ogrodje/episodes/Microsoft-in-Azure-z-Bojanom-Vrhovnikom-e1vmg4i,https://anchor.fm/s/964a7d24/podcast/play/65797714/https%3A%2F%2Fd3ctxlq1ktw2nl.cloudfront.net%2Fstaging%2F2023-2-1%2F315472381-44100-2-0f6ea832969c4.mp3,"Ogrodje je sproščen, tehnično razvijalski podcast. Modrosti, zablode in izkušnje serijsko.",2023-03-01 12:38:33+00:00,0,"tekma,računalništvo,tehnologija"
Inženiring in vpliv umetne inteligence,Inženiringinvplivumetneinteligence,Ogrodje,https://podcasters.spotify.com/pod/show/ogrodje/episodes/Ineniring-in-vpliv-umetne-inteligence-e1ugmnq,https://anchor.fm/s/964a7d24/podcast/play/64559290/https%3A%2F%2Fd3ctxlq1ktw2nl.cloudfront.net%2Fstaging%2F2023-1-5%2F311234263-44100-2-0cd732d4c645e.mp3,"Ogrodje je sproščen, tehnično razvijalski podcast. Modrosti, zablode in izkušnje serijsko.",2023-02-06 05:10:19+00:00,0,"umetna inteligenca,tehnologija,računalništvo"
Sreča + Codeable + MONO in Tomaž Zaman,SrečaCodeableMONOinTomažZaman,Ogrodje,https://podcasters.spotify.com/pod/show/ogrodje/episodes/Srea--Codeable--MONO-in-Toma-Zaman-e1tp1k7,https://anchor.fm/s/964a7d24/podcast/play/63784007/https%3A%2F%2Fd3ctxlq1ktw2nl.cloudfront.net%2Fstaging%2F2023-0-20%2F308504877-44100-2-ffc99cd89d64f.mp3,"Ogrodje je sproščen, tehnično razvijalski podcast. Modrosti, zablode in izkušnje serijsko.",2023-01-23 05:10:41+00:00,0,"tekma,bog,vera"
Cloud in IaC,CloudinIaC,Ogrodje,https://podcasters.spotify.com/pod/show/ogrodje/episodes/Cloud-in-IaC-e1sbpkr,https://anchor.fm/s/964a7d24/podcast/play/62301275/https%3A%2F%2Fd3ctxlq1ktw2nl.cloudfront.net%2Fstaging%2F2022-11-16%2F303460752-44100-2-c8a287c4bc2fb.m4a,"Ogrodje je sproščen, tehnično razvijalski podcast. Modrosti, zablode in izkušnje serijsko.",2022-12-19 05:20:51+00:00,0,"tekma,računalništvo,tehnologija"
Google inženiring z Jernejem Viragom,GoogleinženiringzJernejemViragom,Ogrodje,https://podcasters.spotify.com/pod/show/ogrodje/episodes/Google-ineniring-z-Jernejem-Viragom-e1rl9vd,https://anchor.fm/s/964a7d24/podcast/play/61564333/https%3A%2F%2Fd3ctxlq1ktw2nl.cloudfront.net%2Fstaging%2F2022-11-2%2F300653800-44100-2-15347af4e3174.m4a,"Ogrodje je sproščen, tehnično razvijalski podcast. Modrosti, zablode in izkušnje serijsko.",2022-12-05 05:20:50+00:00,0,"tekma,igra,bog"
"Java, JVM, Quarkus in Aleš Justin, Red Hat",JavaJVMQuarkusinAlešJustinRedHat,Ogrodje,https://podcasters.spotify.com/pod/show/ogrodje/episodes/Java--JVM--Quarkus-in-Ale-Justin--Red-Hat-e1qvnj0,https://anchor.fm/s/964a7d24/podcast/play/60857376/https%3A%2F%2Fd3ctxlq1ktw2nl.cloudfront.net%2Fstaging%2F2022-10-18%2F297869501-44100-2-f466abf92c8cb.m4a,"Ogrodje je sproščen, tehnično razvijalski podcast. Modrosti, zablode in izkušnje serijsko.",2022-11-21 05:20:24+00:00,0,"tekma,bog,vera"
Sodobni HR z Anjo Žibert in Saro Vošinek Gašpar,SodobniHRzAnjoŽibertinSaroVošinekGašpar,Ogrodje,https://podcasters.spotify.com/pod/show/ogrodje/episodes/Sodobni-HR-z-Anjo-ibert-in-Saro-Voinek-Gapar-e1qbc7l,https://anchor.fm/s/964a7d24/podcast/play/60190389/https%3A%2F%2Fd3ctxlq1ktw2nl.cloudfront.net%2Fstaging%2F2022-10-6%2F295362611-44100-2-c1279344c142f.m4a,"Ogrodje je sproščen, tehnično razvijalski podcast. Modrosti, zablode in izkušnje serijsko.",2022-11-07 05:20:58+00:00,0,"tekma,podjetje,podjetje"
META Ogrodje,METAOgrodje,Ogrodje,https://podcasters.spotify.com/pod/show/ogrodje/episodes/META-Ogrodje-e1paiab,https://anchor.fm/s/964a7d24/podcast/play/59115275/https%3A%2F%2Fd3ctxlq1ktw2nl.cloudfront.net%2Fstaging%2F2022-9-15%2F291304517-44100-2-8e359ec95135b.m4a,"Ogrodje je sproščen, tehnično razvijalski podcast. Modrosti, zablode in izkušnje serijsko.",2022-10-24 04:20:45+00:00,0,"tekma,igra,bog"
MORDHAU in razvoj AAA igre z Markom Grgurovičem,MORDHAUinrazvojAAAigrezMarkomGrgurovičem,Ogrodje,https://podcasters.spotify.com/pod/show/ogrodje/episodes/MORDHAU-in-razvoj-AAA-igre-z-Markom-Grguroviem-e1pagis,https://anchor.fm/s/964a7d24/podcast/play/59113500/https%3A%2F%2Fd3ctxlq1ktw2nl.cloudfront.net%2Fstaging%2F2022-9-15%2F291295392-44100-2-1f500ef4675b5.m4a,"Ogrodje je sproščen, tehnično razvijalski podcast. Modrosti, zablode in izkušnje serijsko.",2022-10-17 04:20:41+00:00,0,"igra,tekma,bog"
Sodelovati in zmagati z Rodom,SodelovatiinzmagatizRodom,Ogrodje,https://podcasters.spotify.com/pod/show/ogrodje/episodes/Sodelovati-in-zmagati-z-Rodom-e1ompkb,https://anchor.fm/s/964a7d24/podcast/play/58467403/https%3A%2F%2Fd3ctxlq1ktw2nl.cloudfront.net%2Fstaging%2F2022-9-2%2F288895412-44100-2-22ee9b9869343.m4a,"Ogrodje je sproščen, tehnično razvijalski podcast. Modrosti, zablode in izkušnje serijsko.",2022-10-03 04:30:35+00:00,0,"tekma,slovenija,liga"
"Žan, prijatelj razvijalcev in CI/CD",ŽanprijateljrazvijalcevinCICD,Ogrodje,https://podcasters.spotify.com/pod/show/ogrodje/episodes/an--prijatelj-razvijalcev-in-CICD-e1o4f08,https://anchor.fm/s/964a7d24/podcast/play/57866696/https%3A%2F%2Fd3ctxlq1ktw2nl.cloudfront.net%2Fstaging%2F2022-8-20%2F286767499-44100-2-d163f8b678a63.m4a,"Ogrodje je sproščen, tehnično razvijalski podcast. Modrosti, zablode in izkušnje serijsko.",2022-09-20 21:06:16+00:00,0,"tekma,tehnologija,umetna inteligenca"
"Čebelca, Rye in Janko Metelko",ČebelcaRyeinJankoMetelko,Ogrodje,https://podcasters.spotify.com/pod/show/ogrodje/episodes/ebelca--Rye-in-Janko-Metelko-e1nqsr4,https://anchor.fm/s/964a7d24/podcast/play/57553188/https%3A%2F%2Fd3ctxlq1ktw2nl.cloudfront.net%2Fstaging%2F2022-8-14%2F285646208-44100-2-a4056d98ee03f.m4a,"Ogrodje je sproščen, tehnično razvijalski podcast. Modrosti, zablode in izkušnje serijsko.",2022-09-14 11:52:08+00:00,0,"bog,tekma,vera"
"JavaScript in Klemen Kogovšek, 13|37",JavaScriptinKlemenKogovšek1337,Ogrodje,https://podcasters.spotify.com/pod/show/ogrodje/episodes/JavaScript-in-Klemen-Kogovek--1337-e1n2sj5,https://anchor.fm/s/964a7d24/podcast/play/56766501/https%3A%2F%2Fd3ctxlq1ktw2nl.cloudfront.net%2Fstaging%2F2022-7-28%2F282923038-44100-2-7d5d057a79cc8.m4a,"Ogrodje je sproščen, tehnično razvijalski podcast. Modrosti, zablode in izkušnje serijsko.",2022-08-29 04:30:02+00:00,0,"tekma,bog,heker"
Lov na talent,Lovnatalent,Ogrodje,https://podcasters.spotify.com/pod/show/ogrodje/episodes/Lov-na-talent-e1me6pi,https://anchor.fm/s/964a7d24/podcast/play/56088818/https%3A%2F%2Fd3ctxlq1ktw2nl.cloudfront.net%2Fstaging%2F2022-7-12%2F280568584-44100-2-655fd4aad61e6.m4a,"Ogrodje je sproščen, tehnično razvijalski podcast. Modrosti, zablode in izkušnje serijsko.",2022-08-15 05:00:01+00:00,0,"tekma,podjetje,podjetje"
Kiberpipa in produktni management,Kiberpipainproduktnimanagement,Ogrodje,https://podcasters.spotify.com/pod/show/ogrodje/episodes/Kiberpipa-in-produktni-management-e1lrcjs,https://anchor.fm/s/964a7d24/podcast/play/55472188/https%3A%2F%2Fd3ctxlq1ktw2nl.cloudfront.net%2Fstaging%2F2022-6-29%2F278562588-44100-2-9a5358c6616b5.m4a,"Ogrodje je sproščen, tehnično razvijalski podcast. Modrosti, zablode in izkušnje serijsko.",2022-07-29 09:05:27+00:00,0,"tekma,hacking,umetna inteligenca"
"Nepopisan elektronski papir in Luka Napotnik, Visionect",NepopisanelektronskipapirinLukaNapotnikVisionect,Ogrodje,https://podcasters.spotify.com/pod/show/ogrodje/episodes/Nepopisan-elektronski-papir-in-Luka-Napotnik--Visionect-e1kttoj,https://anchor.fm/s/964a7d24/podcast/play/54506707/https%3A%2F%2Fd3ctxlq1ktw2nl.cloudfront.net%2Fstaging%2F2022-6-7%2F275361628-44100-2-55fcf8cba3869.m4a,"Ogrodje je sproščen, tehnično razvijalski podcast. Modrosti, zablode in izkušnje serijsko.",2022-07-07 08:52:20+00:00,0,"tehnologija,računalništvo,tekma"
"Empatija in tehnologija z Dr. Mateja Verlič Brunčič, Databox",EmpatijaintehnologijazDrMatejaVerličBrunčičDatabox,Ogrodje,https://podcasters.spotify.com/pod/show/ogrodje/episodes/Empatija-in-tehnologija-z-Dr--Mateja-Verli-Bruni--Databox-e1jvr12,https://anchor.fm/s/964a7d24/podcast/play/53520866/https%3A%2F%2Fd3ctxlq1ktw2nl.cloudfront.net%2Fstaging%2F2022-5-15%2F7904a83c-b56e-31f2-0638-27e3911cd25d.mp3,"Ogrodje je sproščen, tehnično razvijalski podcast. Modrosti, zablode in izkušnje serijsko.",2022-06-15 11:59:06+00:00,0,"tekma,znanost,umetna inteligenca"
Kultura v remote podjetjih,Kulturavremotepodjetjih,Ogrodje,https://podcasters.spotify.com/pod/show/ogrodje/episodes/Kultura-v-remote-podjetjih-e1jkcfb,https://anchor.fm/s/964a7d24/podcast/play/53145515/https%3A%2F%2Fd3ctxlq1ktw2nl.cloudfront.net%2Fstaging%2F2022-5-7%2F879b70cd-7a35-f8dd-84d4-b6f007b5e5f2.mp3,"Ogrodje je sproščen, tehnično razvijalski podcast. Modrosti, zablode in izkušnje serijsko.",2022-06-07 13:16:24+00:00,0,"tekma,igra,bog"
Kontroverzno z Domnom Kožarjem,KontroverznozDomnomKožarjem,Ogrodje,https://podcasters.spotify.com/pod/show/ogrodje/episodes/Kontroverzno-z-Domnom-Koarjem-e1j3kgd,https://anchor.fm/s/964a7d24/podcast/play/52596685/https%3A%2F%2Fd3ctxlq1ktw2nl.cloudfront.net%2Fstaging%2F2022-4-26%2Feeb7738a-8cf4-fc94-c463-6c42167eaa23.mp3,"Ogrodje je sproščen, tehnično razvijalski podcast. Modrosti, zablode in izkušnje serijsko.",2022-05-26 13:35:33+00:00,0,"podjetje,podjetje,tekma"
Štoparski vodnik po IT,ŠtoparskivodnikpoIT,Ogrodje,https://podcasters.spotify.com/pod/show/ogrodje/episodes/toparski-vodnik-po-IT-e1iol80,https://anchor.fm/s/964a7d24/podcast/play/52236992/https%3A%2F%2Fd3ctxlq1ktw2nl.cloudfront.net%2Fstaging%2F2022-4-19%2F96611149-f498-ca56-a0a7-2e1b9f61c38a.mp3,"Ogrodje je sproščen, tehnično razvijalski podcast. Modrosti, zablode in izkušnje serijsko.",2022-05-19 13:19:55+00:00,0,"tekma,bog,umetna inteligenca"
"Python - kača, ki to ni!",Pythonkačakitoni,Ogrodje,https://podcasters.spotify.com/pod/show/ogrodje/episodes/Python---kaa--ki-to-ni-e1icr7u,https://anchor.fm/s/964a7d24/podcast/play/51849918/https%3A%2F%2Fd3ctxlq1ktw2nl.cloudfront.net%2Fstaging%2F2022-4-11%2F74fe9dd2-7a70-0b39-36b3-92de1375e1f2.mp3,"Ogrodje je sproščen, tehnično razvijalski podcast. Modrosti, zablode in izkušnje serijsko.",2022-05-11 15:19:20+00:00,0,"tekma,bog,heker"
Kubernetes (Demo),KubernetesDemo,Ogrodje,https://podcasters.spotify.com/pod/show/ogrodje/episodes/Kubernetes-Demo-e1i96bs,https://anchor.fm/s/964a7d24/podcast/play/51730236/https%3A%2F%2Fd3ctxlq1ktw2nl.cloudfront.net%2Fstaging%2F2022-4-9%2F72c09270-5d3c-f93c-4812-b880094e8301.mp3,"Ogrodje je sproščen, tehnično razvijalski podcast. Modrosti, zablode in izkušnje serijsko.",2022-05-11 14:08:08+00:00,0,"tekma,heker,igra"
Žiga Berce: Udemy in ustvarjanje spletnih tečajev,ŽigaBerceUdemyinustvarjanjespletnihtečajev,Reneseansa - Casual Friday Podcast,https://podcasters.spotify.com/pod/show/reneseansa/episodes/iga-Berce-Udemy-in-ustvarjanje-spletnih-teajev-e23t6o9,https://anchor.fm/s/1c9278b0/podcast/play/70211785/https%3A%2F%2Fd3ctxlq1ktw2nl.cloudfront.net%2Fstaging%2F2023-4-11%2F3fb69c39-e5ca-3c6e-ced2-172e7fb3082b.mp3,"Reneseansa je podkast za vse poznavalce trendov, tehnološke navdušence, prodorne mislece ter neumorne iskalce novega. Z vami sem Maja Voje in skupaj gremo vsak petek na pogovor v svet novih priložnosti, idej in odkrivanja lastnih potencialov. Odložite opravke, odklopite se od obveznosti in vklopite na stežaj odprto radovednost.

Oblikovanje naslovnice: Romina Kavčič",2023-05-12 03:00:18+00:00,0,"bog,tekma,vera"
Karin Poravne: Girlboss podjetnica,KarinPoravneGirlbosspodjetnica,Reneseansa - Casual Friday Podcast,https://podcasters.spotify.com/pod/show/reneseansa/episodes/Karin-Poravne-Girlboss-podjetnica-e23eoc9,https://anchor.fm/s/1c9278b0/podcast/play/69738313/https%3A%2F%2Fd3ctxlq1ktw2nl.cloudfront.net%2Fstaging%2F2023-4-4%2Fcbf9e6dc-5117-5e2c-b980-4c01ea77d311.mp3,"Reneseansa je podkast za vse poznavalce trendov, tehnološke navdušence, prodorne mislece ter neumorne iskalce novega. Z vami sem Maja Voje in skupaj gremo vsak petek na pogovor v svet novih priložnosti, idej in odkrivanja lastnih potencialov. Odložite opravke, odklopite se od obveznosti in vklopite na stežaj odprto radovednost.

Oblikovanje naslovnice: Romina Kavčič",2023-05-05 03:00:28+00:00,0,"tekma,bog,vera"
Tim Berce in Maja Voje: A si ready za čisto svoj biznis?,TimBerceinMajaVojeAsireadyzačistosvojbiznis,Reneseansa - Casual Friday Podcast,https://podcasters.spotify.com/pod/show/reneseansa/episodes/Tim-Berce-in-Maja-Voje-A-si-ready-za-isto-svoj-biznis-e230pfn,https://anchor.fm/s/1c9278b0/podcast/play/69280695/https%3A%2F%2Fd3ctxlq1ktw2nl.cloudfront.net%2Fstaging%2F2023-3-25%2Fa5c4f7df-a233-fa24-cb76-af57087bb4cd.mp3,"Reneseansa je podkast za vse poznavalce trendov, tehnološke navdušence, prodorne mislece ter neumorne iskalce novega. Z vami sem Maja Voje in skupaj gremo vsak petek na pogovor v svet novih priložnosti, idej in odkrivanja lastnih potencialov. Odložite opravke, odklopite se od obveznosti in vklopite na stežaj odprto radovednost.

Oblikovanje naslovnice: Romina Kavčič",2023-04-26 03:00:48+00:00,0,"tekma,vera,bog"
Maja Voje: Fokus,MajaVojeFokus,Reneseansa - Casual Friday Podcast,https://podcasters.spotify.com/pod/show/reneseansa/episodes/Maja-Voje-Fokus-e22o640,https://anchor.fm/s/1c9278b0/podcast/play/68998720/https%3A%2F%2Fd3ctxlq1ktw2nl.cloudfront.net%2Fstaging%2F2023-3-20%2F91d75a6e-2340-2ab5-127a-773d3c164482.mp3,"Reneseansa je podkast za vse poznavalce trendov, tehnološke navdušence, prodorne mislece ter neumorne iskalce novega. Z vami sem Maja Voje in skupaj gremo vsak petek na pogovor v svet novih priložnosti, idej in odkrivanja lastnih potencialov. Odložite opravke, odklopite se od obveznosti in vklopite na stežaj odprto radovednost.

Oblikovanje naslovnice: Romina Kavčič",2023-04-21 03:00:12+00:00,0,"tekma,vera,bog"
Tilen Krivec: Razvoj znamk za e-commerce,TilenKrivecRazvojznamkzaecommerce,Reneseansa - Casual Friday Podcast,https://podcasters.spotify.com/pod/show/reneseansa/episodes/Tilen-Krivec-Razvoj-znamk-za-e-commerce-e22b0hs,https://anchor.fm/s/1c9278b0/podcast/play/68567036/https%3A%2F%2Fd3ctxlq1ktw2nl.cloudfront.net%2Fstaging%2F2023-3-13%2Fb834ff0b-672b-3020-aede-926bae503b3b.mp3,"Reneseansa je podkast za vse poznavalce trendov, tehnološke navdušence, prodorne mislece ter neumorne iskalce novega. Z vami sem Maja Voje in skupaj gremo vsak petek na pogovor v svet novih priložnosti, idej in odkrivanja lastnih potencialov. Odložite opravke, odklopite se od obveznosti in vklopite na stežaj odprto radovednost.

Oblikovanje naslovnice: Romina Kavčič",2023-04-14 03:00:14+00:00,0,"prodaja,tekma,marketing"
Anže in Žiga Svetlik: Branding in design,AnžeinŽigaSvetlikBrandingindesign,Reneseansa - Casual Friday Podcast,https://podcasters.spotify.com/pod/show/reneseansa/episodes/Ane-in-iga-Svetlik-Branding-in-design-e21t6a0,https://anchor.fm/s/1c9278b0/podcast/play/68114176/https%3A%2F%2Fd3ctxlq1ktw2nl.cloudfront.net%2Fstaging%2F2023-3-6%2Fff0fc5b3-414d-2b77-94df-f35c61d6192c.mp3,"Reneseansa je podkast za vse poznavalce trendov, tehnološke navdušence, prodorne mislece ter neumorne iskalce novega. Z vami sem Maja Voje in skupaj gremo vsak petek na pogovor v svet novih priložnosti, idej in odkrivanja lastnih potencialov. Odložite opravke, odklopite se od obveznosti in vklopite na stežaj odprto radovednost.

Oblikovanje naslovnice: Romina Kavčič",2023-04-07 03:00:05+00:00,0,"tekma,bog,znanost"
Domen Čot: Google oglaševanje,DomenČotGoogleoglaševanje,Reneseansa - Casual Friday Podcast,https://podcasters.spotify.com/pod/show/reneseansa/episodes/Domen-ot-Google-oglaevanje-e21dr3h,https://anchor.fm/s/1c9278b0/podcast/play/67611185/https%3A%2F%2Fd3ctxlq1ktw2nl.cloudfront.net%2Fstaging%2F2023-2-30%2F98db1d2f-fdb7-9cd3-a83a-22a223cad187.mp3,"Reneseansa je podkast za vse poznavalce trendov, tehnološke navdušence, prodorne mislece ter neumorne iskalce novega. Z vami sem Maja Voje in skupaj gremo vsak petek na pogovor v svet novih priložnosti, idej in odkrivanja lastnih potencialov. Odložite opravke, odklopite se od obveznosti in vklopite na stežaj odprto radovednost.

Oblikovanje naslovnice: Romina Kavčič",2023-03-31 03:00:53+00:00,0,"oglaševanje,prodaja,marketing"
"Luka Trekman: (Nazaj) v formo - prehrana, mindset, gibanje",LukaTrekmanNazajvformoprehranamindsetgibanje,Reneseansa - Casual Friday Podcast,https://podcasters.spotify.com/pod/show/reneseansa/episodes/Luka-Trekman-Nazaj-v-formo---prehrana--mindset--gibanje-e210lsj,https://anchor.fm/s/1c9278b0/podcast/play/67179859/https%3A%2F%2Fd3ctxlq1ktw2nl.cloudfront.net%2Fstaging%2F2023-2-23%2Ff9e74cd4-2569-a337-10d6-ed25ae00b43a.mp3,"Reneseansa je podkast za vse poznavalce trendov, tehnološke navdušence, prodorne mislece ter neumorne iskalce novega. Z vami sem Maja Voje in skupaj gremo vsak petek na pogovor v svet novih priložnosti, idej in odkrivanja lastnih potencialov. Odložite opravke, odklopite se od obveznosti in vklopite na stežaj odprto radovednost.

Oblikovanje naslovnice: Romina Kavčič",2023-03-24 04:00:29+00:00,0,"tekma,igra,vera"
Ula Stepančič: Amazon in pospeševanje prodaje,UlaStepančičAmazoninpospeševanjeprodaje,Reneseansa - Casual Friday Podcast,https://podcasters.spotify.com/pod/show/reneseansa/episodes/Ula-Stepani-Amazon-in-pospeevanje-prodaje-e20igak,https://anchor.fm/s/1c9278b0/podcast/play/66715412/https%3A%2F%2Fd3ctxlq1ktw2nl.cloudfront.net%2Fstaging%2F2023-2-16%2Fa4ea27e9-f19d-5828-9e98-362300bafafe.mp3,"Reneseansa je podkast za vse poznavalce trendov, tehnološke navdušence, prodorne mislece ter neumorne iskalce novega. Z vami sem Maja Voje in skupaj gremo vsak petek na pogovor v svet novih priložnosti, idej in odkrivanja lastnih potencialov. Odložite opravke, odklopite se od obveznosti in vklopite na stežaj odprto radovednost.

Oblikovanje naslovnice: Romina Kavčič",2023-03-17 04:00:01+00:00,0,"prodaja,tekma,marketing"
Timotej Gračner: Mednarodno lansiranje izdelkov,TimotejGračnerMednarodnolansiranjeizdelkov,Reneseansa - Casual Friday Podcast,https://podcasters.spotify.com/pod/show/reneseansa/episodes/Timotej-Graner-Mednarodno-lansiranje-izdelkov-e204mqk,https://anchor.fm/s/1c9278b0/podcast/play/66263316/https%3A%2F%2Fd3ctxlq1ktw2nl.cloudfront.net%2Fstaging%2F2023-2-9%2F25b258b8-d5a3-8674-bc93-e75c59d3de3d.mp3,"Reneseansa je podkast za vse poznavalce trendov, tehnološke navdušence, prodorne mislece ter neumorne iskalce novega. Z vami sem Maja Voje in skupaj gremo vsak petek na pogovor v svet novih priložnosti, idej in odkrivanja lastnih potencialov. Odložite opravke, odklopite se od obveznosti in vklopite na stežaj odprto radovednost.

Oblikovanje naslovnice: Romina Kavčič",2023-03-10 04:00:08+00:00,0,"tekma,bog,vera"
Maja Voje in Tim Berce: Kako delati biznis s komerkoli na svetu?,MajaVojeinTimBerceKakodelatibiznisskomerkolinasvetu,Reneseansa - Casual Friday Podcast,https://podcasters.spotify.com/pod/show/reneseansa/episodes/Maja-Voje-in-Tim-Berce-Kako-delati-biznis-s-komerkoli-na-svetu-e1vp3sm,https://anchor.fm/s/1c9278b0/podcast/play/65883478/https%3A%2F%2Fd3ctxlq1ktw2nl.cloudfront.net%2Fstaging%2F2023-2-2%2F369a6c39-dd9a-9441-ed6f-bfc949f5dac0.mp3,"Reneseansa je podkast za vse poznavalce trendov, tehnološke navdušence, prodorne mislece ter neumorne iskalce novega. Z vami sem Maja Voje in skupaj gremo vsak petek na pogovor v svet novih priložnosti, idej in odkrivanja lastnih potencialov. Odložite opravke, odklopite se od obveznosti in vklopite na stežaj odprto radovednost.

Oblikovanje naslovnice: Romina Kavčič",2023-03-03 04:00:30+00:00,0,"tekma,bog,igra"
Neja Gril: Razvoj znamke na Instagramu,NejaGrilRazvojznamkenaInstagramu,Reneseansa - Casual Friday Podcast,https://podcasters.spotify.com/pod/show/reneseansa/episodes/Neja-Gril-Razvoj-znamke-na-Instagramu-e1vcqot,https://anchor.fm/s/1c9278b0/podcast/play/65480925/https%3A%2F%2Fd3ctxlq1ktw2nl.cloudfront.net%2Fstaging%2F2023-1-22%2F30305594-42d3-187d-21c2-e53181adf6fb.mp3,"Reneseansa je podkast za vse poznavalce trendov, tehnološke navdušence, prodorne mislece ter neumorne iskalce novega. Z vami sem Maja Voje in skupaj gremo vsak petek na pogovor v svet novih priložnosti, idej in odkrivanja lastnih potencialov. Odložite opravke, odklopite se od obveznosti in vklopite na stežaj odprto radovednost.

Oblikovanje naslovnice: Romina Kavčič",2023-02-24 04:00:03+00:00,0,"tekma,igra,vera"
Maja Voje: Mindset - rojstnodnevna epizoda,MajaVojeMindsetrojstnodnevnaepizoda,Reneseansa - Casual Friday Podcast,https://podcasters.spotify.com/pod/show/reneseansa/episodes/Maja-Voje-Mindset---rojstnodnevna-epizoda-e1um0l5,https://anchor.fm/s/1c9278b0/podcast/play/64733285/https%3A%2F%2Fd3ctxlq1ktw2nl.cloudfront.net%2Fstaging%2F2023-1-8%2Fc0e623cb-31b3-465a-9750-debd97fb0d33.mp3,"Reneseansa je podkast za vse poznavalce trendov, tehnološke navdušence, prodorne mislece ter neumorne iskalce novega. Z vami sem Maja Voje in skupaj gremo vsak petek na pogovor v svet novih priložnosti, idej in odkrivanja lastnih potencialov. Odložite opravke, odklopite se od obveznosti in vklopite na stežaj odprto radovednost.

Oblikovanje naslovnice: Romina Kavčič",2023-02-10 04:00:53+00:00,0,"tekma,umetna inteligenca,znanost"
Benjamin Dobnikar: Prodaja in poslovni razvoj,BenjaminDobnikarProdajainposlovnirazvoj,Reneseansa - Casual Friday Podcast,https://podcasters.spotify.com/pod/show/reneseansa/episodes/Benjamin-Dobnikar-Prodaja-in-poslovni-razvoj-e1uaots,https://anchor.fm/s/1c9278b0/podcast/play/64364924/https%3A%2F%2Fd3ctxlq1ktw2nl.cloudfront.net%2Fstaging%2F2023-1-1%2Fce00e56e-89bf-b8cc-fd32-ec8c710a0ad9.mp3,"Reneseansa je podkast za vse poznavalce trendov, tehnološke navdušence, prodorne mislece ter neumorne iskalce novega. Z vami sem Maja Voje in skupaj gremo vsak petek na pogovor v svet novih priložnosti, idej in odkrivanja lastnih potencialov. Odložite opravke, odklopite se od obveznosti in vklopite na stežaj odprto radovednost.

Oblikovanje naslovnice: Romina Kavčič",2023-02-03 04:00:05+00:00,0,"prodaja,tekma,podjetje"
Nastja Kramer Pesek: Iz stagnacije v ponovno rast,NastjaKramerPesekIzstagnacijevponovnorast,Reneseansa - Casual Friday Podcast,https://podcasters.spotify.com/pod/show/reneseansa/episodes/Nastja-Kramer-Pesek-Iz-stagnacije-v-ponovno-rast-e1u2172,https://anchor.fm/s/1c9278b0/podcast/play/64078498/https%3A%2F%2Fd3ctxlq1ktw2nl.cloudfront.net%2Fstaging%2F2023-0-26%2Fdce3f6e2-7517-968a-2c06-63f0c175d4a5.mp3,"Reneseansa je podkast za vse poznavalce trendov, tehnološke navdušence, prodorne mislece ter neumorne iskalce novega. Z vami sem Maja Voje in skupaj gremo vsak petek na pogovor v svet novih priložnosti, idej in odkrivanja lastnih potencialov. Odložite opravke, odklopite se od obveznosti in vklopite na stežaj odprto radovednost.

Oblikovanje naslovnice: Romina Kavčič",2023-01-27 04:00:54+00:00,0,"tekma,prodaja,podjetje"
Leah Tharin: V 6 mesecih do +10k sledilcev na LinkedInu,LeahTharinV6mesecihdo10ksledilcevnaLinkedInu,Reneseansa - Casual Friday Podcast,https://podcasters.spotify.com/pod/show/reneseansa/episodes/Leah-Tharin-V-6-mesecih-do-10k-sledilcev-na-LinkedInu-e1tnse6,https://anchor.fm/s/1c9278b0/podcast/play/63745926/https%3A%2F%2Fd3ctxlq1ktw2nl.cloudfront.net%2Fstaging%2F2023-0-19%2Fd81c8ca5-a5d3-e35a-5621-2b86de07659e.mp3,"Reneseansa je podkast za vse poznavalce trendov, tehnološke navdušence, prodorne mislece ter neumorne iskalce novega. Z vami sem Maja Voje in skupaj gremo vsak petek na pogovor v svet novih priložnosti, idej in odkrivanja lastnih potencialov. Odložite opravke, odklopite se od obveznosti in vklopite na stežaj odprto radovednost.

Oblikovanje naslovnice: Romina Kavčič",2023-01-20 04:00:45+00:00,0,"liga,bog,nogomet"
Uroš Rojc: Video marketing,UrošRojcVideomarketing,Reneseansa - Casual Friday Podcast,https://podcasters.spotify.com/pod/show/reneseansa/episodes/Uro-Rojc-Video-marketing-e1tdd06,https://anchor.fm/s/1c9278b0/podcast/play/63402438/https%3A%2F%2Fd3ctxlq1ktw2nl.cloudfront.net%2Fstaging%2F2023-0-12%2F2699fdff-7ba0-ab8b-d193-68ea894e9de4.mp3,"Reneseansa je podkast za vse poznavalce trendov, tehnološke navdušence, prodorne mislece ter neumorne iskalce novega. Z vami sem Maja Voje in skupaj gremo vsak petek na pogovor v svet novih priložnosti, idej in odkrivanja lastnih potencialov. Odložite opravke, odklopite se od obveznosti in vklopite na stežaj odprto radovednost.

Oblikovanje naslovnice: Romina Kavčič",2023-01-13 04:00:59+00:00,0,"tekma,umetna inteligenca,oglaševanje"
Matic Batagelj: Strategija in kako strateško razmišljati,MaticBatageljStrategijainkakostrateškorazmišljati,Reneseansa - Casual Friday Podcast,https://podcasters.spotify.com/pod/show/reneseansa/episodes/Matic-Batagelj-Strategija-in-kako-strateko-razmiljati-e1t4i0r,https://anchor.fm/s/1c9278b0/podcast/play/63112667/https%3A%2F%2Fd3ctxlq1ktw2nl.cloudfront.net%2Fstaging%2F2023-0-5%2Fd011b226-cf15-e01c-3a72-ce68155b4918.mp3,"Reneseansa je podkast za vse poznavalce trendov, tehnološke navdušence, prodorne mislece ter neumorne iskalce novega. Z vami sem Maja Voje in skupaj gremo vsak petek na pogovor v svet novih priložnosti, idej in odkrivanja lastnih potencialov. Odložite opravke, odklopite se od obveznosti in vklopite na stežaj odprto radovednost.

Oblikovanje naslovnice: Romina Kavčič",2023-01-06 04:00:27+00:00,0,"tekma,igra,prodaja"
"Tim Berce in Maja Voje: Freelance, kako začeti in razvoj posla",TimBerceinMajaVojeFreelancekakozačetiinrazvojposla,Reneseansa - Casual Friday Podcast,https://podcasters.spotify.com/pod/show/reneseansa/episodes/Tim-Berce-in-Maja-Voje-Freelance--kako-zaeti-in-razvoj-posla-e1skimp,https://anchor.fm/s/1c9278b0/podcast/play/62589081/https%3A%2F%2Fd3ctxlq1ktw2nl.cloudfront.net%2Fstaging%2F2022-11-23%2Ff8f1546c-f6a2-be74-6777-7795fc055855.mp3,"Reneseansa je podkast za vse poznavalce trendov, tehnološke navdušence, prodorne mislece ter neumorne iskalce novega. Z vami sem Maja Voje in skupaj gremo vsak petek na pogovor v svet novih priložnosti, idej in odkrivanja lastnih potencialov. Odložite opravke, odklopite se od obveznosti in vklopite na stežaj odprto radovednost.

Oblikovanje naslovnice: Romina Kavčič",2022-12-23 05:57:11+00:00,0,"tekma,podjetništvo,prodaja"
Maja Voje: V 2023 z jasnimi cilji in dobrimi navadami,MajaVojeV2023zjasnimiciljiindobriminavadami,Reneseansa - Casual Friday Podcast,https://podcasters.spotify.com/pod/show/reneseansa/episodes/Maja-Voje-V-2023-z-jasnimi-cilji-in-dobrimi-navadami-e1s91k9,https://anchor.fm/s/1c9278b0/podcast/play/62211145/https%3A%2F%2Fd3ctxlq1ktw2nl.cloudfront.net%2Fstaging%2F2022-11-14%2F2e2fd258-78de-0aa5-4332-d6b32611b276.mp3,"Reneseansa je podkast za vse poznavalce trendov, tehnološke navdušence, prodorne mislece ter neumorne iskalce novega. Z vami sem Maja Voje in skupaj gremo vsak petek na pogovor v svet novih priložnosti, idej in odkrivanja lastnih potencialov. Odložite opravke, odklopite se od obveznosti in vklopite na stežaj odprto radovednost.

Oblikovanje naslovnice: Romina Kavčič",2022-12-16 04:00:23+00:00,0,"tekma,igra,vera"
"Sara Vrečko: Influencerji, TikTok viralnost in razvoj kariere",SaraVrečkoInfluencerjiTikTokviralnostinrazvojkariere,Reneseansa - Casual Friday Podcast,https://podcasters.spotify.com/pod/show/reneseansa/episodes/Sara-Vreko-Influencerji--TikTok-viralnost-in-razvoj-kariere-e1ru011,https://anchor.fm/s/1c9278b0/podcast/play/61849057/https%3A%2F%2Fd3ctxlq1ktw2nl.cloudfront.net%2Fstaging%2F2022-11-7%2F346ad4a9-673c-3d8d-4cbb-3a29bbfb1003.mp3,"Reneseansa je podkast za vse poznavalce trendov, tehnološke navdušence, prodorne mislece ter neumorne iskalce novega. Z vami sem Maja Voje in skupaj gremo vsak petek na pogovor v svet novih priložnosti, idej in odkrivanja lastnih potencialov. Odložite opravke, odklopite se od obveznosti in vklopite na stežaj odprto radovednost.

Oblikovanje naslovnice: Romina Kavčič",2022-12-09 04:00:04+00:00,0,"tekma,vera,igra"
Matej Aleksov in Maja Voje: Decembrski mentorski program,MatejAleksovinMajaVojeDecembrskimentorskiprogram,Reneseansa - Casual Friday Podcast,https://podcasters.spotify.com/pod/show/reneseansa/episodes/Matej-Aleksov-in-Maja-Voje-Decembrski-mentorski-program-e1rj5oo,https://anchor.fm/s/1c9278b0/podcast/play/61494488/https%3A%2F%2Fd3ctxlq1ktw2nl.cloudfront.net%2Fstaging%2F2022-11-1%2F9ab549c6-f128-c685-8fc7-b9c98ca80fad.mp3,"Reneseansa je podkast za vse poznavalce trendov, tehnološke navdušence, prodorne mislece ter neumorne iskalce novega. Z vami sem Maja Voje in skupaj gremo vsak petek na pogovor v svet novih priložnosti, idej in odkrivanja lastnih potencialov. Odložite opravke, odklopite se od obveznosti in vklopite na stežaj odprto radovednost.

Oblikovanje naslovnice: Romina Kavčič",2022-12-02 04:00:19+00:00,0,"tekma,umetna inteligenca,vera"
Klemen Habat in Špela Pibernik: Družinsko podjetje,KlemenHabatinŠpelaPibernikDružinskopodjetje,Reneseansa - Casual Friday Podcast,https://podcasters.spotify.com/pod/show/reneseansa/episodes/Klemen-Habat-in-pela-Pibernik-Druinsko-podjetje-e1r8s6s,https://anchor.fm/s/1c9278b0/podcast/play/61157020/https%3A%2F%2Fd3ctxlq1ktw2nl.cloudfront.net%2Fstaging%2F2022-10-24%2F3979f8fe-7ce4-a401-143a-03c0b4d37762.mp3,"Reneseansa je podkast za vse poznavalce trendov, tehnološke navdušence, prodorne mislece ter neumorne iskalce novega. Z vami sem Maja Voje in skupaj gremo vsak petek na pogovor v svet novih priložnosti, idej in odkrivanja lastnih potencialov. Odložite opravke, odklopite se od obveznosti in vklopite na stežaj odprto radovednost.

Oblikovanje naslovnice: Romina Kavčič",2022-11-25 04:00:36+00:00,0,"bog,vera,tekma"
Jure Čuk: Spletni marketing in prodaja,JureČukSpletnimarketinginprodaja,Reneseansa - Casual Friday Podcast,https://podcasters.spotify.com/pod/show/reneseansa/episodes/Jure-uk-Spletni-marketing-in-prodaja-e1qu4ik,https://anchor.fm/s/1c9278b0/podcast/play/60805140/https%3A%2F%2Fd3ctxlq1ktw2nl.cloudfront.net%2Fstaging%2F2022-10-17%2F44cb1288-5e4c-d6b2-d21c-f04e32689cc0.mp3,"Reneseansa je podkast za vse poznavalce trendov, tehnološke navdušence, prodorne mislece ter neumorne iskalce novega. Z vami sem Maja Voje in skupaj gremo vsak petek na pogovor v svet novih priložnosti, idej in odkrivanja lastnih potencialov. Odložite opravke, odklopite se od obveznosti in vklopite na stežaj odprto radovednost.

Oblikovanje naslovnice: Romina Kavčič",2022-11-18 04:00:59+00:00,0,"oglaševanje,marketing,prodaja"
Andrej Pelko in Valentina Bojanec: Tradicija in inovativnost,AndrejPelkoinValentinaBojanecTradicijaininovativnost,Reneseansa - Casual Friday Podcast,https://podcasters.spotify.com/pod/show/reneseansa/episodes/Andrej-Pelko-in-Valentina-Bojanec-Tradicija-in-inovativnost-e1qihb1,https://anchor.fm/s/1c9278b0/podcast/play/60424993/https%3A%2F%2Fd3ctxlq1ktw2nl.cloudfront.net%2Fstaging%2F2022-10-10%2F99130cc0-cbca-54b3-f3d0-1ede6c87847c.mp3,"Reneseansa je podkast za vse poznavalce trendov, tehnološke navdušence, prodorne mislece ter neumorne iskalce novega. Z vami sem Maja Voje in skupaj gremo vsak petek na pogovor v svet novih priložnosti, idej in odkrivanja lastnih potencialov. Odložite opravke, odklopite se od obveznosti in vklopite na stežaj odprto radovednost.

Oblikovanje naslovnice: Romina Kavčič",2022-11-11 04:00:51+00:00,0,"okolje,prodaja,tekma"
Flavijan Tekavec in Viktorija Hafner: Ciljna skupina,FlavijanTekavecinViktorijaHafnerCiljnaskupina,Reneseansa - Casual Friday Podcast,https://podcasters.spotify.com/pod/show/reneseansa/episodes/Flavijan-Tekavec-in-Viktorija-Hafner-Ciljna-skupina-e1q6nec,https://anchor.fm/s/1c9278b0/podcast/play/60038028/https%3A%2F%2Fd3ctxlq1ktw2nl.cloudfront.net%2Fstaging%2F2022-10-3%2F08af7bc5-5693-c81d-2bf5-2f138757f617.mp3,"Reneseansa je podkast za vse poznavalce trendov, tehnološke navdušence, prodorne mislece ter neumorne iskalce novega. Z vami sem Maja Voje in skupaj gremo vsak petek na pogovor v svet novih priložnosti, idej in odkrivanja lastnih potencialov. Odložite opravke, odklopite se od obveznosti in vklopite na stežaj odprto radovednost.

Oblikovanje naslovnice: Romina Kavčič",2022-11-04 04:00:01+00:00,0,"vera,tekma,okolje"
Luka Trekman: Iz storitve v izdelek,LukaTrekmanIzstoritvevizdelek,Reneseansa - Casual Friday Podcast,https://podcasters.spotify.com/pod/show/reneseansa/episodes/Luka-Trekman-Iz-storitve-v-izdelek-e1prkb6,https://anchor.fm/s/1c9278b0/podcast/play/59674406/https%3A%2F%2Fd3ctxlq1ktw2nl.cloudfront.net%2Fstaging%2F2022-9-27%2F80cc9cba-388b-d535-89d1-a6d8c9b1ba29.mp3,"Reneseansa je podkast za vse poznavalce trendov, tehnološke navdušence, prodorne mislece ter neumorne iskalce novega. Z vami sem Maja Voje in skupaj gremo vsak petek na pogovor v svet novih priložnosti, idej in odkrivanja lastnih potencialov. Odložite opravke, odklopite se od obveznosti in vklopite na stežaj odprto radovednost.

Oblikovanje naslovnice: Romina Kavčič",2022-10-28 03:00:07+00:00,0,"tekma,vera,igra"
Dantesmile: Trajnostno podjetništvo,DantesmileTrajnostnopodjetništvo,Reneseansa - Casual Friday Podcast,https://podcasters.spotify.com/pod/show/reneseansa/episodes/Dantesmile-Trajnostno-podjetnitvo-e1pi19n,https://anchor.fm/s/1c9278b0/podcast/play/59359991/https%3A%2F%2Fd3ctxlq1ktw2nl.cloudfront.net%2Fstaging%2F2022-9-20%2Fdc2e4f3e-0096-f7b6-9256-0130e61f321a.mp3,"Reneseansa je podkast za vse poznavalce trendov, tehnološke navdušence, prodorne mislece ter neumorne iskalce novega. Z vami sem Maja Voje in skupaj gremo vsak petek na pogovor v svet novih priložnosti, idej in odkrivanja lastnih potencialov. Odložite opravke, odklopite se od obveznosti in vklopite na stežaj odprto radovednost.

Oblikovanje naslovnice: Romina Kavčič",2022-10-21 03:00:58+00:00,0,"okolje,tekma,prodaja"
Petja Škufca: Intelektualna lastnina,PetjaŠkufcaIntelektualnalastnina,Reneseansa - Casual Friday Podcast,https://podcasters.spotify.com/pod/show/reneseansa/episodes/Petja-kufca-Intelektualna-lastnina-e1p7chg,https://anchor.fm/s/1c9278b0/podcast/play/59011056/https%3A%2F%2Fd3ctxlq1ktw2nl.cloudfront.net%2Fstaging%2F2022-9-13%2F89162a27-4dd3-f7cb-cff9-ed35b9cab1a5.mp3,"Reneseansa je podkast za vse poznavalce trendov, tehnološke navdušence, prodorne mislece ter neumorne iskalce novega. Z vami sem Maja Voje in skupaj gremo vsak petek na pogovor v svet novih priložnosti, idej in odkrivanja lastnih potencialov. Odložite opravke, odklopite se od obveznosti in vklopite na stežaj odprto radovednost.

Oblikovanje naslovnice: Romina Kavčič",2022-10-14 03:00:23+00:00,0,"tekma,bog,vera"
Dan Strajnar: Razvoj in redefiniranje produkta,DanStrajnarRazvojinredefiniranjeprodukta,Reneseansa - Casual Friday Podcast,https://podcasters.spotify.com/pod/show/reneseansa/episodes/Dan-Strajnar-Razvoj-in-redefiniranje-produkta-e1osqo2,https://anchor.fm/s/1c9278b0/podcast/play/58665154/https%3A%2F%2Fd3ctxlq1ktw2nl.cloudfront.net%2Fstaging%2F2022-9-6%2F36e49e82-9880-b437-5940-ae91bd89aa09.mp3,"Reneseansa je podkast za vse poznavalce trendov, tehnološke navdušence, prodorne mislece ter neumorne iskalce novega. Z vami sem Maja Voje in skupaj gremo vsak petek na pogovor v svet novih priložnosti, idej in odkrivanja lastnih potencialov. Odložite opravke, odklopite se od obveznosti in vklopite na stežaj odprto radovednost.

Oblikovanje naslovnice: Romina Kavčič",2022-10-07 03:00:05+00:00,0,"igra,tekma,vera"
"Marja Milič: Varčevanje, investiranje, finance",MarjaMiličVarčevanjeinvestiranjefinance,Reneseansa - Casual Friday Podcast,https://podcasters.spotify.com/pod/show/reneseansa/episodes/Marja-Mili-Varevanje--investiranje--finance-e1oimji,https://anchor.fm/s/1c9278b0/podcast/play/58333234/https%3A%2F%2Fd3ctxlq1ktw2nl.cloudfront.net%2Fstaging%2F2022-8-29%2F8f91ec7b-7ea8-3c9b-06cf-8f9c37cbcc58.mp3,"Reneseansa je podkast za vse poznavalce trendov, tehnološke navdušence, prodorne mislece ter neumorne iskalce novega. Z vami sem Maja Voje in skupaj gremo vsak petek na pogovor v svet novih priložnosti, idej in odkrivanja lastnih potencialov. Odložite opravke, odklopite se od obveznosti in vklopite na stežaj odprto radovednost.

Oblikovanje naslovnice: Romina Kavčič",2022-09-30 03:00:51+00:00,0,"denar,finance,investiranje"
Maša Crnkovič: Google Analytics 4,MašaCrnkovičGoogleAnalytics4,Reneseansa - Casual Friday Podcast,https://podcasters.spotify.com/pod/show/reneseansa/episodes/Maa-Crnkovi-Google-Analytics-4-e1o7jjs,https://anchor.fm/s/1c9278b0/podcast/play/57969724/https%3A%2F%2Fd3ctxlq1ktw2nl.cloudfront.net%2Fstaging%2F2022-8-22%2F691a7627-9ab8-6e9f-4866-be2db66fbebf.mp3,"Reneseansa je podkast za vse poznavalce trendov, tehnološke navdušence, prodorne mislece ter neumorne iskalce novega. Z vami sem Maja Voje in skupaj gremo vsak petek na pogovor v svet novih priložnosti, idej in odkrivanja lastnih potencialov. Odložite opravke, odklopite se od obveznosti in vklopite na stežaj odprto radovednost.

Oblikovanje naslovnice: Romina Kavčič",2022-09-23 03:00:57+00:00,0,"umetna inteligenca,podatki,google"
Karmen Mlinar: Product-Led Growth,KarmenMlinarProductLedGrowth,Reneseansa - Casual Friday Podcast,https://podcasters.spotify.com/pod/show/reneseansa/episodes/Karmen-Mlinar-Product-Led-Growth-e1nsvsn,https://anchor.fm/s/1c9278b0/podcast/play/57621847/https%3A%2F%2Fd3ctxlq1ktw2nl.cloudfront.net%2Fstaging%2F2022-8-15%2F666cab87-7c2b-d34b-dc81-d13361105a3a.mp3,"Reneseansa je podkast za vse poznavalce trendov, tehnološke navdušence, prodorne mislece ter neumorne iskalce novega. Z vami sem Maja Voje in skupaj gremo vsak petek na pogovor v svet novih priložnosti, idej in odkrivanja lastnih potencialov. Odložite opravke, odklopite se od obveznosti in vklopite na stežaj odprto radovednost.

Oblikovanje naslovnice: Romina Kavčič",2022-09-16 03:00:54+00:00,0,"tekma,podjetje,podjetje"
Mitja Mikuž: Priložnosti za startupe,MitjaMikužPriložnostizastartupe,Reneseansa - Casual Friday Podcast,https://podcasters.spotify.com/pod/show/reneseansa/episodes/Mitja-Miku-Prilonosti-za-startupe-e1nik9k,https://anchor.fm/s/1c9278b0/podcast/play/57282292/https%3A%2F%2Fd3ctxlq1ktw2nl.cloudfront.net%2Fstaging%2F2022-8-8%2Fcf18a81e-96e1-6ddf-25ac-760f1b4732c3.mp3,"Reneseansa je podkast za vse poznavalce trendov, tehnološke navdušence, prodorne mislece ter neumorne iskalce novega. Z vami sem Maja Voje in skupaj gremo vsak petek na pogovor v svet novih priložnosti, idej in odkrivanja lastnih potencialov. Odložite opravke, odklopite se od obveznosti in vklopite na stežaj odprto radovednost.

Oblikovanje naslovnice: Romina Kavčič",2022-09-09 03:00:43+00:00,0,"podjetništvo,podjetje,podjetje"
Jure Laharnar: Marketing in priložnosti na TikToku,JureLaharnarMarketinginpriložnostinaTikToku,Reneseansa - Casual Friday Podcast,https://podcasters.spotify.com/pod/show/reneseansa/episodes/Jure-Laharnar-Marketing-in-prilonosti-na-TikToku-e1n927f,https://anchor.fm/s/1c9278b0/podcast/play/56968879/https%3A%2F%2Fd3ctxlq1ktw2nl.cloudfront.net%2Fstaging%2F2022-8-1%2F012f8c4a-c543-7158-8163-fe24c04a85b4.mp3,"Reneseansa je podkast za vse poznavalce trendov, tehnološke navdušence, prodorne mislece ter neumorne iskalce novega. Z vami sem Maja Voje in skupaj gremo vsak petek na pogovor v svet novih priložnosti, idej in odkrivanja lastnih potencialov. Odložite opravke, odklopite se od obveznosti in vklopite na stežaj odprto radovednost.

Oblikovanje naslovnice: Romina Kavčič",2022-09-02 03:00:30+00:00,0,"oglaševanje,marketing,tekma"
Maja Voje: Kako do mentorstva?,MajaVojeKakodomentorstva,Reneseansa - Casual Friday Podcast,https://podcasters.spotify.com/pod/show/reneseansa/episodes/Maja-Voje-Kako-do-mentorstva-e1kujvl,https://anchor.fm/s/1c9278b0/podcast/play/54529461/https%3A%2F%2Fd3ctxlq1ktw2nl.cloudfront.net%2Fstaging%2F2022-6-7%2Fecf948c8-09a5-28eb-a81a-62dc33e0c9f5.mp3,"Reneseansa je podkast za vse poznavalce trendov, tehnološke navdušence, prodorne mislece ter neumorne iskalce novega. Z vami sem Maja Voje in skupaj gremo vsak petek na pogovor v svet novih priložnosti, idej in odkrivanja lastnih potencialov. Odložite opravke, odklopite se od obveznosti in vklopite na stežaj odprto radovednost.

Oblikovanje naslovnice: Romina Kavčič",2022-07-08 03:00:13+00:00,0,"umetna inteligenca,tekma,podjetništvo"
Ana Eterović: Družbena omrežja v 2022,AnaEterovićDružbenaomrežjav2022,Reneseansa - Casual Friday Podcast,https://podcasters.spotify.com/pod/show/reneseansa/episodes/Ana-Eterovi-Drubena-omreja-v-2022-e1klq11,https://anchor.fm/s/1c9278b0/podcast/play/54240737/https%3A%2F%2Fd3ctxlq1ktw2nl.cloudfront.net%2Fstaging%2F2022-5-30%2F53d4c697-5cbe-46e0-6c13-08517c1ef0da.mp3,"Reneseansa je podkast za vse poznavalce trendov, tehnološke navdušence, prodorne mislece ter neumorne iskalce novega. Z vami sem Maja Voje in skupaj gremo vsak petek na pogovor v svet novih priložnosti, idej in odkrivanja lastnih potencialov. Odložite opravke, odklopite se od obveznosti in vklopite na stežaj odprto radovednost.

Oblikovanje naslovnice: Romina Kavčič",2022-07-01 03:00:39+00:00,0,"oglaševanje,tekma,umetna inteligenca"
Nina Pejič: Podjetništvo na Mediteranu,NinaPejičPodjetništvonaMediteranu,Reneseansa - Casual Friday Podcast,https://podcasters.spotify.com/pod/show/reneseansa/episodes/Nina-Peji-Podjetnitvo-na-Mediteranu-e1kbopv,https://anchor.fm/s/1c9278b0/podcast/play/53911807/https%3A%2F%2Fd3ctxlq1ktw2nl.cloudfront.net%2Fstaging%2F2022-5-23%2Fc143a707-6b88-63e2-9316-60fdb970be87.mp3,"Reneseansa je podkast za vse poznavalce trendov, tehnološke navdušence, prodorne mislece ter neumorne iskalce novega. Z vami sem Maja Voje in skupaj gremo vsak petek na pogovor v svet novih priložnosti, idej in odkrivanja lastnih potencialov. Odložite opravke, odklopite se od obveznosti in vklopite na stežaj odprto radovednost.

Oblikovanje naslovnice: Romina Kavčič",2022-06-24 03:00:14+00:00,0,"tekma,vera,bog"
Maja Voje: Priprave na drugo polovico 2022,MajaVojePripravenadrugopolovico2022,Reneseansa - Casual Friday Podcast,https://podcasters.spotify.com/pod/show/reneseansa/episodes/Maja-Voje-Priprave-na-drugo-polovico-2022-e1k2opt,https://anchor.fm/s/1c9278b0/podcast/play/53616893/https%3A%2F%2Fd3ctxlq1ktw2nl.cloudfront.net%2Fstaging%2F2022-5-17%2Fdd80241b-ee14-e295-82c2-77054966f91d.mp3,"Reneseansa je podkast za vse poznavalce trendov, tehnološke navdušence, prodorne mislece ter neumorne iskalce novega. Z vami sem Maja Voje in skupaj gremo vsak petek na pogovor v svet novih priložnosti, idej in odkrivanja lastnih potencialov. Odložite opravke, odklopite se od obveznosti in vklopite na stežaj odprto radovednost.

Oblikovanje naslovnice: Romina Kavčič",2022-06-17 10:08:02+00:00,0,"prodaja,tekma,podjetništvo"
"100 — Stota AIDEA, v živo (dr. Marko Pavliha, Mina Paš, dr. med., dr. Urban Kordeš)",100StotaAIDEAvživodrMarkoPavlihaMinaPašdrmeddrUrbanKordeš,AIDEA Podkast,https://aidea.libsyn.com/100-stota-aidea-v-ivo-dr-marko-pavliha-mina-pa-dr-med-dr-urban-korde,https://traffic.libsyn.com/secure/aidea/AIDEA_ep_100.mp3?dest-id=1173629,"Pogovori o zavesti, vesolju, drogah, naši kulturi, tehnologiji in prihodnosti človeštva ... 

Pogovori o idejah. Vodi Klemen Selakovič.",2023-05-11 16:00:00+00:00,0,"bog,vera,znanost"
"#15 — Nevarnosti razvoja splošne umetne inteligence (AGI), Open source A.I. projekti — RE:moat",15NevarnostirazvojasplošneumetneinteligenceAGIOpensourceAIprojektiREmoat,AIDEA Podkast,https://aidea.libsyn.com/15-nevarnosti-razvoja-splone-umetne-inteligence-agi-open-source-ai-projekti-remoat,https://traffic.libsyn.com/secure/aidea/remoat_15.mp3?dest-id=1173629,"Pogovori o zavesti, vesolju, drogah, naši kulturi, tehnologiji in prihodnosti človeštva ... 

Pogovori o idejah. Vodi Klemen Selakovič.",2023-05-07 17:46:00+00:00,0,"umetna inteligenca,znanost,tehnologija"
"99 — Politika, strategija Slovenije, Bitcoin in čustveni odzivi (dr. Robert Golob)",99PolitikastrategijaSlovenijeBitcoininčustveniodzividrRobertGolob,AIDEA Podkast,https://aidea.libsyn.com/99-politika-strategija-slovenije-bitcoin-in-ustveni-odzivi-dr-robert-golob,https://traffic.libsyn.com/secure/aidea/dr._robert_golob.mp3?dest-id=1173629,"Pogovori o zavesti, vesolju, drogah, naši kulturi, tehnologiji in prihodnosti človeštva ... 

Pogovori o idejah. Vodi Klemen Selakovič.",2023-05-04 17:30:00+00:00,0,"gospodarstvo,država,vlada"
Hiter PROMO Dialog - podkast V ŽIVO na Ljubljanskem gradu (27.5.2023),HiterPROMODialogpodkastVŽIVOnaLjubljanskemgradu2752023,AIDEA Podkast,https://aidea.libsyn.com/hiter-promo-dialog-podkast-v-ivo-na-ljubljanskem-gradu-2752023,https://traffic.libsyn.com/secure/aidea/dialog_promo.mp3?dest-id=1173629,"Pogovori o zavesti, vesolju, drogah, naši kulturi, tehnologiji in prihodnosti človeštva ... 

Pogovori o idejah. Vodi Klemen Selakovič.",2023-04-29 13:29:00+00:00,0,"bog,vera,igra"
"98 — Podjetništvo, vesoljska tehnologija in šolski sistem (dr. Jure Knez)",98PodjetništvovesoljskatehnologijainšolskisistemdrJureKnez,AIDEA Podkast,https://aidea.libsyn.com/98-podjetnitvo-vesoljska-tehnologija-in-olski-sistem-dr-jure-knez,https://traffic.libsyn.com/secure/aidea/dr._Jure_Knez.mp3?dest-id=1173629,"Pogovori o zavesti, vesolju, drogah, naši kulturi, tehnologiji in prihodnosti človeštva ... 

Pogovori o idejah. Vodi Klemen Selakovič.",2023-04-27 18:28:00+00:00,0,"tekma,podjetje,podjetje"
"#14 — AutoGPT, digitalni agenti, ChatGPT plugini in prihodnost dela — RE:moat",14AutoGPTdigitalniagentiChatGPTpluginiinprihodnostdelaREmoat,AIDEA Podkast,https://aidea.libsyn.com/14-autogpt-digitalni-agenti-chatgpt-plugini-in-prihodnost-dela-remoat,https://traffic.libsyn.com/secure/aidea/remoat_14_final1.mp3?dest-id=1173629,"Pogovori o zavesti, vesolju, drogah, naši kulturi, tehnologiji in prihodnosti človeštva ... 

Pogovori o idejah. Vodi Klemen Selakovič.",2023-04-19 23:41:00+00:00,1,"umetna inteligenca,tehnologija,tekma"
"#15 Valentina Pugelj, dr. med. - organizacija in delo nujne medicinske pomoči v Sloveniji in spopadanje z eno najbolj stresnih služb v državi, z vidika urgentne zdravnice",15ValentinaPugeljdrmedorganizacijaindelonujnemedicinskepomočivSlovenijiinspopadanjezenonajboljstresnihslužbvdržavizvidikaurgentnezdravnice,Umetnost Lenarjenja,https://podcasters.spotify.com/pod/show/david-zupani/episodes/15-Valentina-Pugelj--dr--med----organizacija-in-delo-nujne-medicinske-pomoi-v-Sloveniji-in-spopadanje-z-eno-najbolj-stresnih-slub-v-dravi--z-vidika-urgentne-zdravnice-e23g0dv,https://anchor.fm/s/a809d410/podcast/play/69779327/https%3A%2F%2Fd3ctxlq1ktw2nl.cloudfront.net%2Fproduction%2Fexports%2Fa809d410%2F69779327%2F2f9502abe07fd3ff687e4d7790c2574b.m4a,"Pogovori in razmišljanja o duševnem zdravju in destigmatizaciji, o izzivih, stresu in tesnobi. Obenem pa o lepotah življenja, o zdravju in bolezni in o vseh krasnih življenjskih naukih, ki nam pomagajo rasti, se razvijati in živeti. Podcast vodi zdravnik David Zupančič.",2023-05-06 04:00:26+00:00,0,"zdravnik,tekma,vera"
#14 doc. dr. Vita Štukovnik - motnje spanja,14docdrVitaŠtukovnikmotnjespanja,Umetnost Lenarjenja,https://podcasters.spotify.com/pod/show/david-zupani/episodes/14-doc--dr--Vita-tukovnik---motnje-spanja-e20p5q6,https://anchor.fm/s/a809d410/podcast/play/66934022/https%3A%2F%2Fd3ctxlq1ktw2nl.cloudfront.net%2Fproduction%2Fexports%2Fa809d410%2F66934022%2F6ae2b8624a0d716e9412322ddeee3ea0.m4a,"Pogovori in razmišljanja o duševnem zdravju in destigmatizaciji, o izzivih, stresu in tesnobi. Obenem pa o lepotah življenja, o zdravju in bolezni in o vseh krasnih življenjskih naukih, ki nam pomagajo rasti, se razvijati in živeti. Podcast vodi zdravnik David Zupančič.",2023-04-01 04:00:00+00:00,0,"znanost,zdravje,tekma"
"#13 O ustvarjalnosti, pisanju, dopaminski odvisnosti in sočutju - intervju z gostiteljem podkasta Davidom Zupančičem",13OustvarjalnostipisanjudopaminskiodvisnostiinsočutjuintervjuzgostiteljempodkastaDavidomZupančičem,Umetnost Lenarjenja,https://podcasters.spotify.com/pod/show/david-zupani/episodes/13-O-ustvarjalnosti--pisanju--dopaminski-odvisnosti-in-soutju---intervju-z-gostiteljem-podkasta-Davidom-Zupaniem-e20kgkj,https://anchor.fm/s/a809d410/podcast/play/66781267/https%3A%2F%2Fd3ctxlq1ktw2nl.cloudfront.net%2Fproduction%2Fexports%2Fa809d410%2F66781267%2F6f06fc63f8f1089cc7deefa78188d603.m4a,"Pogovori in razmišljanja o duševnem zdravju in destigmatizaciji, o izzivih, stresu in tesnobi. Obenem pa o lepotah življenja, o zdravju in bolezni in o vseh krasnih življenjskih naukih, ki nam pomagajo rasti, se razvijati in živeti. Podcast vodi zdravnik David Zupančič.",2023-03-18 10:19:00+00:00,0,"knjiga,literatura,bog"
"#12 Mark Racman, dr. med. - specialist kardiovaskularne kirurgije o transplantacijski dejavnosti, altruizmu, usklajevanju strokovnega in družinskega življenja ter boju proti izgorelosti",12MarkRacmandrmedspecialistkardiovaskularnekirurgijeotransplantacijskidejavnostialtruizmuusklajevanjustrokovnegaindružinskegaživljenjaterbojuprotiizgorelosti,Umetnost Lenarjenja,https://podcasters.spotify.com/pod/show/david-zupani/episodes/12-Mark-Racman--dr--med----specialist-kardiovaskularne-kirurgije-o-transplantacijski-dejavnosti--altruizmu--usklajevanju-strokovnega-in-druinskega-ivljenja-ter-boju-proti-izgorelosti-e1vgprv,https://anchor.fm/s/a809d410/podcast/play/65611071/https%3A%2F%2Fd3ctxlq1ktw2nl.cloudfront.net%2Fproduction%2Fexports%2Fa809d410%2F65611071%2F67743ef80324f808a0e82cb16dd10213.m4a,"Pogovori in razmišljanja o duševnem zdravju in destigmatizaciji, o izzivih, stresu in tesnobi. Obenem pa o lepotah življenja, o zdravju in bolezni in o vseh krasnih življenjskih naukih, ki nam pomagajo rasti, se razvijati in živeti. Podcast vodi zdravnik David Zupančič.",2023-03-04 06:19:55+00:00,0,"zdravnik,bog,vera"
"#11 Nik Škrlec - o spominu, osebnem razvoju, miselnih treningih in soočanju s strahom pri vseh možnih vlogah, tako na odru kot v resničnem življenju",11NikŠkrlecospominuosebnemrazvojumiselnihtreningihinsoočanjusstrahomprivsehmožnihvlogahtakonaodrukotvresničnemživljenju,Umetnost Lenarjenja,https://podcasters.spotify.com/pod/show/david-zupani/episodes/11-Nik-krlec---o-spominu--osebnem-razvoju--miselnih-treningih-in-sooanju-s-strahom-pri-vseh-monih-vlogah--tako-na-odru-kot-v-resninem-ivljenju-e1ub0ts,https://anchor.fm/s/a809d410/podcast/play/64373116/https%3A%2F%2Fd3ctxlq1ktw2nl.cloudfront.net%2Fproduction%2Fexports%2Fa809d410%2F64373116%2Fd892218c0b3604eb2c1ca3afad170d03.m4a,"Pogovori in razmišljanja o duševnem zdravju in destigmatizaciji, o izzivih, stresu in tesnobi. Obenem pa o lepotah življenja, o zdravju in bolezni in o vseh krasnih življenjskih naukih, ki nam pomagajo rasti, se razvijati in živeti. Podcast vodi zdravnik David Zupančič.",2023-02-04 05:00:06+00:00,0,"bog,znanost,vera"
"Srečno 2023! Odgovori na vprašanja poslušalcev, z Ester Zupančič",Srečno2023OdgovorinavprašanjaposlušalcevzEsterZupančič,Umetnost Lenarjenja,https://podcasters.spotify.com/pod/show/david-zupani/episodes/Sreno-2023--Odgovori-na-vpraanja-poslualcev--z-Ester-Zupani-e1t6ou1,https://anchor.fm/s/a809d410/podcast/play/63185281/https%3A%2F%2Fd3ctxlq1ktw2nl.cloudfront.net%2Fproduction%2Fexports%2Fa809d410%2F63185281%2F841991b6d656c39dceb179c45d3fc8cb.m4a,"Pogovori in razmišljanja o duševnem zdravju in destigmatizaciji, o izzivih, stresu in tesnobi. Obenem pa o lepotah življenja, o zdravju in bolezni in o vseh krasnih življenjskih naukih, ki nam pomagajo rasti, se razvijati in živeti. Podcast vodi zdravnik David Zupančič.",2023-01-07 19:27:53+00:00,0,"bog,vera,tekma"
Investiranje v tehnološke gigante. Se to splača? (2.del Live),InvestiranjevtehnološkegiganteSetosplača2delLive,Money-How,https://money-how.si/podcast/118-investiranje-v-tehnoloske-gigante-se-to-splaca-2del-live,https://media.blubrry.com/moneyhow/content.blubrry.com/moneyhow/MHL_2023_2.mp3,"Know-How osebnih financ. Podcast o upravljanju denarja. Finančne novosti. Borza. Nepremičnine. Trendi. Pogovore vodi Marja Milič, avtorica več kot tisoč člankov o osebnih financah, dolgoletna urednica finančni vsebin.",2023-05-11 07:09:11-04:00,0,"umetna inteligenca,tekma,podjetništvo"
Live: Med umetno inteligenco in zimzelenimi pravili investiranja,LiveMedumetnointeligencoinzimzelenimipraviliinvestiranja,Money-How,https://money-how.si/podcast/117-money-how-live-med-umetno-inteligenco-in-zimzelenimi-pravili-investiranja,https://media.blubrry.com/moneyhow/content.blubrry.com/moneyhow/MHL_2023_1.mp3,"Know-How osebnih financ. Podcast o upravljanju denarja. Finančne novosti. Borza. Nepremičnine. Trendi. Pogovore vodi Marja Milič, avtorica več kot tisoč člankov o osebnih financah, dolgoletna urednica finančni vsebin.",2023-05-05 05:24:02-04:00,0,"umetna inteligenca,tekma,tehnologija"
Kako milijarde upravljajo pri sosedih?,Kakomilijardeupravljajoprisosedih,Money-How,https://money-how.si/podcast/116-kako-milijarde-upravljajo-pri-sosedih,https://media.blubrry.com/moneyhow/content.blubrry.com/moneyhow/vlaic.mp3,"Know-How osebnih financ. Podcast o upravljanju denarja. Finančne novosti. Borza. Nepremičnine. Trendi. Pogovore vodi Marja Milič, avtorica več kot tisoč člankov o osebnih financah, dolgoletna urednica finančni vsebin.",2023-04-25 01:30:22-04:00,0,"gospodarstvo,denar,finance"
Kaj bo z mojo pokojnino? Scenarij se piše že danes,KajbozmojopokojninoScenarijsepišežedanes,Money-How,https://money-how.si/podcast/115-kaj-bo-z-mojo-pokojnino-scenarij-se-pise-ze-danes,https://media.blubrry.com/moneyhow/content.blubrry.com/moneyhow/loncarski2.mp3,"Know-How osebnih financ. Podcast o upravljanju denarja. Finančne novosti. Borza. Nepremičnine. Trendi. Pogovore vodi Marja Milič, avtorica več kot tisoč člankov o osebnih financah, dolgoletna urednica finančni vsebin.",2023-04-13 10:06:00-04:00,0,"gospodarstvo,denar,vlada"
Mark Mobius: 86 let in še vedno bik,MarkMobius86letinševednobik,Money-How,https://money-how.si/podcast/114-mark-mobius-86-let-in-se-vedno-bik,https://media.blubrry.com/moneyhow/content.blubrry.com/moneyhow/mobius.mp3,"Know-How osebnih financ. Podcast o upravljanju denarja. Finančne novosti. Borza. Nepremičnine. Trendi. Pogovore vodi Marja Milič, avtorica več kot tisoč člankov o osebnih financah, dolgoletna urednica finančni vsebin.",2023-04-07 01:11:30-04:00,0,"liga,bog,nogomet"
Modni trend na finančnih trgih: Rešilni jopiči za vse,ModnitrendnafinančnihtrgihRešilnijopičizavse,Money-How,https://money-how.si/podcast/113-modni-trend-na-financnih-trgih-resilni-jopici-za-vse,https://media.blubrry.com/moneyhow/content.blubrry.com/moneyhow/mrak_1.mp3,"Know-How osebnih financ. Podcast o upravljanju denarja. Finančne novosti. Borza. Nepremičnine. Trendi. Pogovore vodi Marja Milič, avtorica več kot tisoč člankov o osebnih financah, dolgoletna urednica finančni vsebin.",2023-03-30 05:44:00-04:00,0,"finance,denar,evropa"
"Kaj bo banka, ko denarja zmanjka?",Kajbobankakodenarjazmanjka,Money-How,https://money-how.si/podcast/112-kaj-bo-banka-ko-denarja-zmanjka,https://media.blubrry.com/moneyhow/content.blubrry.com/moneyhow/banke.mp3,"Know-How osebnih financ. Podcast o upravljanju denarja. Finančne novosti. Borza. Nepremičnine. Trendi. Pogovore vodi Marja Milič, avtorica več kot tisoč člankov o osebnih financah, dolgoletna urednica finančni vsebin.",2023-03-20 01:35:06-04:00,0,"finance,denar,kripto"
"Tisoč evrov za naložbeni seminar, pa še vedno nisem Buffett! Le zakaj?",TisočevrovzanaložbeniseminarpaševednonisemBuffettLezakaj,Money-How,https://money-how.si/podcast/111-tisoci-evri-za-nalozbene-seminarje-pa-se-vedno-nisem-buffett-le-zakaj,https://media.blubrry.com/moneyhow/content.blubrry.com/moneyhow/seminarji.mp3,"Know-How osebnih financ. Podcast o upravljanju denarja. Finančne novosti. Borza. Nepremičnine. Trendi. Pogovore vodi Marja Milič, avtorica več kot tisoč člankov o osebnih financah, dolgoletna urednica finančni vsebin.",2023-03-09 02:23:35-05:00,0,"denar,prodaja,finance"
"Leto vojne: Obresti vse višje, ljudje pa v vrsti za državne obveznice",LetovojneObrestivsevišjeljudjepavvrstizadržavneobveznice,Money-How,https://money-how.si/podcast/110-leto-vojne-obresti-vse-visje-ljudje-pa-v-vrsti-za-drzavne-obveznice,https://media.blubrry.com/moneyhow/content.blubrry.com/moneyhow/leto_vojne.mp3,"Know-How osebnih financ. Podcast o upravljanju denarja. Finančne novosti. Borza. Nepremičnine. Trendi. Pogovore vodi Marja Milič, avtorica več kot tisoč člankov o osebnih financah, dolgoletna urednica finančni vsebin.",2023-03-03 02:59:12-05:00,0,"finance,denar,gospodarstvo"
"Z Aljošo Bagola o vplivnežih, psihologiji denarja in travmaterializmu",ZAljošoBagolaovplivnežihpsihologijidenarjaintravmaterializmu,Money-How,https://money-how.si/podcast/109-z-aljoso-bagola-o-vplivnezih-psihologiji-denarja-in-travmaterializmu,https://media.blubrry.com/moneyhow/content.blubrry.com/moneyhow/finfluencerji.mp3,"Know-How osebnih financ. Podcast o upravljanju denarja. Finančne novosti. Borza. Nepremičnine. Trendi. Pogovore vodi Marja Milič, avtorica več kot tisoč člankov o osebnih financah, dolgoletna urednica finančni vsebin.",2023-02-23 02:39:32-05:00,0,"bog,vera,denar"
Kako preživeti plovbo po odprtem morju NFT-jev?,KakopreživetiplovbopoodprtemmorjuNFTjev,Money-How,https://money-how.si/podcast/108-kako-preziveti-plovbo-po-odprtem-morju-nft-jev,https://media.blubrry.com/moneyhow/content.blubrry.com/moneyhow/nft.mp3,"Know-How osebnih financ. Podcast o upravljanju denarja. Finančne novosti. Borza. Nepremičnine. Trendi. Pogovore vodi Marja Milič, avtorica več kot tisoč člankov o osebnih financah, dolgoletna urednica finančni vsebin.",2023-02-17 07:07:01-05:00,0,"prodaja,tekma,kripto"
Nenogometotvorni finale,Nenogometotvornifinale,Žoga je okrogla,,http://dts.podtrac.com/redirect.mp3/videoweb.rtvslo.si/podcast/ava_archive11/2023/05/07/NenogomeRA_SLO_LJT_1119161_10304131.mp3,Športni podkast Vala 202,2023-05-07 02:32:01+00:00,0,"nogomet,igra,prvenstvo"
Svit Sešlar: Za takšne trenutke živimo,SvitSešlarZatakšnetrenutkeživimo,Žoga je okrogla,,http://dts.podtrac.com/redirect.mp3/videoweb.rtvslo.si/podcast/ava_archive11/2023/04/16/SvitSeRA_SLO_LJT_1082503_10235837.mp3,Športni podkast Vala 202,2023-04-16 21:12:34+00:00,0,"igra,nogomet,prvenstvo"
Darko Milanič: Pripravljen sem na nov izziv,DarkoMilaničPripravljensemnanovizziv,Žoga je okrogla,,http://dts.podtrac.com/redirect.mp3/videoweb.rtvslo.si/podcast/ava_archive11/2023/04/11/DarkoMiRA_SLO_LJT_1072170_10216888.mp3,Športni podkast Vala 202,2023-04-11 13:24:05+00:00,0,"igra,nogomet,liga"
Žoga je okrogla Euro 2020 E07: Napeti rekorder Ronaldo in elastični maček Sanches,ŽogajeokroglaEuro2020E07NapetirekorderRonaldoinelastičnimačekSanches,Žoga je okrogla,,http://dts.podtrac.com/redirect.mp3/videoweb.rtvslo.si/podcast/ava_archive11/2021/06/24/Zogaje5264877.mp3,Športni podkast Vala 202,2021-06-24 09:58:00+00:00,0,"nogomet,igra,prvenstvo"
"Ne šteje vtis, štejejo točke",Neštejevtisštejejotočke,Žoga je okrogla,,http://dts.podtrac.com/redirect.mp3/videoweb.rtvslo.si/podcast/ava_archive11/2023/04/03/NetejeRA_SLO_LJT_1057707_10191799.mp3,Športni podkast Vala 202,2023-04-03 13:42:44+00:00,0,"igra,nogomet,šport"
"Zadovoljivo, a brez evforije",Zadovoljivoabrezevforije,Žoga je okrogla,,http://dts.podtrac.com/redirect.mp3/videoweb.rtvslo.si/podcast/ava_archive11/2023/03/26/ZadovoljRA_SLO_LJT_1036745_10161764.mp3,Športni podkast Vala 202,2023-03-26 19:00:00+00:00,0,"slovenija,igra,nogomet"
"Naporen si, ko izgubiš",Naporensikoizgubiš,Žoga je okrogla,,http://dts.podtrac.com/redirect.mp3/videoweb.rtvslo.si/podcast/ava_archive11/2023/03/20/NaporenRA_SLO_LJT_1025171_10140723.mp3,Športni podkast Vala 202,2023-03-20 16:14:38+00:00,0,"nogomet,igra,liga"
"Preveč sem trpel, da bi se že veselil naslova Olimpije",PrevečsemtrpeldabiseževeselilnaslovaOlimpije,Žoga je okrogla,,http://dts.podtrac.com/redirect.mp3/videoweb.rtvslo.si/podcast/ava_archive11/2023/03/13/PrevesRA_SLO_LJT_1011197_10113930.mp3,Športni podkast Vala 202,2023-03-13 13:35:51+00:00,0,"prvenstvo,šport,igra"
Grabić razveselil ravnico in kotlino,Grabićrazveselilravnicoinkotlino,Žoga je okrogla,,http://dts.podtrac.com/redirect.mp3/videoweb.rtvslo.si/podcast/ava_archive11/2023/03/06/GrabirRA_SLO_LJT_997486_10088985.mp3,Športni podkast Vala 202,2023-03-06 17:45:35+00:00,0,"igra,nogomet,šport"
Mariboru derbi tudi zaradi boljših priprav?,Mariboruderbitudizaradiboljšihpriprav,Žoga je okrogla,,http://dts.podtrac.com/redirect.mp3/videoweb.rtvslo.si/podcast/ava_archive11/2023/02/20/MariboruRA_SLO_LJT_960851_10040032.mp3,Športni podkast Vala 202,2023-02-20 15:53:45+00:00,0,"prvenstvo,igra,šport"
Vipotnik v izložbi,Vipotnikvizložbi,Žoga je okrogla,,http://dts.podtrac.com/redirect.mp3/videoweb.rtvslo.si/podcast/ava_archive11/2023/02/13/VipotnikRA_SLO_LJT_944103_10018579.mp3,Športni podkast Vala 202,2023-02-13 16:49:29+00:00,0,"nogomet,prvenstvo,igra"
Lahko kdo ujame Olimpijo?,LahkokdoujameOlimpijo,Žoga je okrogla,,http://dts.podtrac.com/redirect.mp3/videoweb.rtvslo.si/podcast/ava_archive11/2023/02/03/LahkokdRA_SLO_LJT_921115_9989963.mp3,Športni podkast Vala 202,2023-02-03 18:39:12+00:00,0,"prvenstvo,igra,nogomet"
Vodnik po davkih za male vlagatelje 2023,Vodnikpodavkihzamalevlagatelje2023,Money-How,https://money-how.si/podcast/107-vodnik-po-davkih-za-male-vlagatelje-2023,https://media.blubrry.com/moneyhow/content.blubrry.com/moneyhow/davki.mp3,"Know-How osebnih financ. Podcast o upravljanju denarja. Finančne novosti. Borza. Nepremičnine. Trendi. Pogovore vodi Marja Milič, avtorica več kot tisoč člankov o osebnih financah, dolgoletna urednica finančni vsebin.",2023-02-09 12:46:00-05:00,0,"denar,finance,gospodarstvo"
Jan Peloza: Impact podjetništvo,JanPelozaImpactpodjetništvo,Reneseansa - Casual Friday Podcast,https://podcasters.spotify.com/pod/show/reneseansa/episodes/Jan-Peloza-Impact-podjetnitvo-e1jp19c,https://anchor.fm/s/1c9278b0/podcast/play/53297900/https%3A%2F%2Fd3ctxlq1ktw2nl.cloudfront.net%2Fstaging%2F2022-5-10%2F9657ab7e-fb7e-7afa-5f47-93c89d4a5310.mp3,"Reneseansa je podkast za vse poznavalce trendov, tehnološke navdušence, prodorne mislece ter neumorne iskalce novega. Z vami sem Maja Voje in skupaj gremo vsak petek na pogovor v svet novih priložnosti, idej in odkrivanja lastnih potencialov. Odložite opravke, odklopite se od obveznosti in vklopite na stežaj odprto radovednost.

Oblikovanje naslovnice: Romina Kavčič",2022-06-10 07:45:09+00:00,0,"podjetništvo,gospodarstvo,tekma"
